,student_id,student_name,student_email
0,K0zdhmj5j,Sandra Wilson,sandrawilson@hotmail.com
1,ZcvhCwWot,Joshua Holmes,joshuaholmes@hotmail.com
2,BNVcl2wds,Colton James,coltonjames@outlook.com
3,haxwVSuhV,Joseph Nguyen,josephnguyen@gmail.com
4,Bo3Uj0ZSS,John Moon,johnmoon@outlook.com
5,Xb0UI8X1B,Joseph Alvarado,josephalvarado@yahoo.com
6,Ntq0GeYVR,Douglas Macias,douglasmacias@yahoo.com
7,L56UToP9S,Jose Chandler,josechandler@yahoo.com
8,00RH9J266,Lauren Hawkins,laurenhawkins@hotmail.com
9,LEWLiEKLJ,Lisa Jenkins,lisajenkins@gmail.com
10,B4XX7NyT3,Ricky Carson,rickycarson@gmail.com
11,sYMzbKRio,Mrs. Debra Campbell MD,mrs.debracampbellmd@gmail.com
12,n5LlwujkC,Paul York,paulyork@outlook.com
13,tr4pfcolJ,Travis Barrett,travisbarrett@hotmail.com
14,lU3y0lsnT,Alan Giles,alangiles@outlook.com
15,AgsSt0lnP,April Perkins,aprilperkins@gmail.com
16,wDiaoF4w0,Frederick Robinson,frederickrobinson@gmail.com
17,s5WlBdKdn,Dr. Lauren Mullins DVM,dr.laurenmullinsdvm@yahoo.com
18,rjIleQNJk,Michael Ross,michaelross@yahoo.com
19,WP1re5Yfe,Deborah Davis,deborahdavis@outlook.com
20,SLHaQJTEJ,Shelby Lin,shelbylin@gmail.com
21,xWtXruwpj,Luis Washington,luiswashington@outlook.com
22,AeHulXlyA,Brittany Hale,brittanyhale@hotmail.com
23,WwI3Kg9o0,Mark Williams,markwilliams@hotmail.com
24,kuyWfW20d,Brian Oconnell,brianoconnell@hotmail.com
25,7nSWGkvkq,Stacy Good,stacygood@gmail.com
26,pIV6H1BMe,Brian Walsh,brianwalsh@yahoo.com
27,2si2I2NwY,Brian Owens,brianowens@yahoo.com
28,zbxlhaSqn,Thomas Marquez,thomasmarquez@hotmail.com
29,EwnK33xcv,Robert Anderson,robertanderson@yahoo.com
30,7TVGC5sFb,Andrew Mason,andrewmason@gmail.com
31,YiGPWM2ED,Shane Fisher,shanefisher@hotmail.com
32,pbpwpyraD,Todd Green,toddgreen@outlook.com
33,ZIkQ4zpN5,Marie Holmes,marieholmes@outlook.com
34,PtuTMl5ot,Morgan Rivers,morganrivers@yahoo.com
35,fZfVQYrUy,Dana Williamson,danawilliamson@outlook.com
36,U0VJ0I1Ib,Joshua Phelps,joshuaphelps@hotmail.com
37,lNdphTwij,Andre Zimmerman,andrezimmerman@hotmail.com
38,NiVFTVAka,Lee Lowe,leelowe@yahoo.com
39,QzEV4sOgC,Kelly Coleman,kellycoleman@outlook.com
40,ofMGc2Icn,Louis Johnson,louisjohnson@outlook.com
41,wBT3KwFfh,Timothy Davis,timothydavis@hotmail.com
42,stjQjWEOQ,Megan Gibson,megangibson@hotmail.com
43,EJE6gvjfB,Melissa Cook,melissacook@gmail.com
44,Fwwi4ADa5,David Chen,davidchen@outlook.com
45,q8puWS9cd,Michael Smith,michaelsmith@hotmail.com
46,APjhNkARs,Samuel Jackson,samueljackson@gmail.com
47,FXACdb9h5,Joyce Mccann,joycemccann@outlook.com
48,jCqqXmqCA,Brenda Turner,brendaturner@outlook.com
49,ZJkIoyIqV,Sylvia Fuller,sylviafuller@gmail.com
50,7WveZ6qu0,Adam Pierce,adampierce@gmail.com
51,cdbHtVXsZ,Monica Myers,monicamyers@hotmail.com
52,EU6OiUU66,Laura Perez,lauraperez@hotmail.com
53,GhM3K1UlZ,Mrs. Amy Snyder PhD,mrs.amysnyderphd@hotmail.com
54,BTQDPf5Sm,Melissa Flores,melissaflores@outlook.com
55,kVN9n214c,Ethan Sandoval,ethansandoval@yahoo.com
56,OLafrdEwH,Spencer Benson,spencerbenson@gmail.com
57,eKfPoWsIA,Brandon Ramirez,brandonramirez@gmail.com
58,DMxQMVCxS,Casey Williams,caseywilliams@gmail.com
59,EYBZGlTNB,Angela Parks,angelaparks@yahoo.com
60,Yq4V6qrtI,Daniel Kim,danielkim@outlook.com
61,sTNZyJ1Wj,Wendy Perez,wendyperez@outlook.com
62,p5w2eECXQ,Erin Thomas,erinthomas@yahoo.com
63,GUhI0J6Tc,Jeffery Gibson,jefferygibson@outlook.com
64,TBg6twOJ6,David Washington,davidwashington@yahoo.com
65,yytsXQcCS,Rita Evans,ritaevans@yahoo.com
66,oDdkCac4K,Nicholas Bates,nicholasbates@hotmail.com
67,UY6NPbmXv,Laura Gay,lauragay@yahoo.com
68,RGaSm2wqs,Lynn Long,lynnlong@hotmail.com
69,uChyEIOVx,Juan Norris,juannorris@yahoo.com
70,LR7FER0Nx,Christopher Wiley,christopherwiley@gmail.com
71,mQoAOLiwI,James Benson,jamesbenson@outlook.com
72,K2GF06OGg,Erin Navarro,erinnavarro@outlook.com
73,9h39WAntn,Allison Zavala,allisonzavala@yahoo.com
74,1euOQxWVM,Jason Curtis,jasoncurtis@outlook.com
75,P7NIwYLZO,Roy Edwards,royedwards@hotmail.com
76,3R6uecNIa,Cathy Burgess,cathyburgess@hotmail.com
77,Bk5a5XQXB,Maxwell Weber,maxwellweber@outlook.com
78,SUxq2DxQn,Jason Mays,jasonmays@yahoo.com
79,jj69lPNAL,Becky Ferrell,beckyferrell@hotmail.com
80,l6I0JY4QK,Elizabeth Shea,elizabethshea@hotmail.com
81,IlOJV3Gtj,Benjamin Williams,benjaminwilliams@gmail.com
82,CI1nvkNlH,Mary Wallace,marywallace@hotmail.com
83,GgfltyN30,David Mcdaniel,davidmcdaniel@outlook.com
84,GPIlOajbY,Leslie Rodriguez Jr.,leslierodriguezjr.@outlook.com
85,LpubNdSBf,Jennifer Peters,jenniferpeters@gmail.com
86,HSi0WiIzl,Aaron Hunt,aaronhunt@yahoo.com
87,H47Zj8SOF,Stacey Hays,staceyhays@gmail.com
88,hWEUJMGej,Brandon Gutierrez,brandongutierrez@outlook.com
89,oeffUdwoV,Brandon Franklin,brandonfranklin@gmail.com
90,InFNq98eM,Aaron Gilbert,aarongilbert@hotmail.com
91,WnzbbW2jX,Linda Simon,lindasimon@outlook.com
92,tXL5zUqt3,Carol Daniels,caroldaniels@hotmail.com
93,Zj1vtZapY,James Gibson,jamesgibson@yahoo.com
94,U1Nzv2uwI,Stephanie Maxwell,stephaniemaxwell@outlook.com
95,pA5Uj1hmn,Scott Rose,scottrose@yahoo.com
96,LzeWJIQLI,David Mason,davidmason@hotmail.com
97,6YuUpYxlS,Alexander Koch,alexanderkoch@hotmail.com
98,wyv0ayKPa,Arthur Mccarthy,arthurmccarthy@hotmail.com
99,fZ1j5lM1P,Angela Cardenas,angelacardenas@outlook.com
100,PGZejoc1T,Amy Kline,amykline@gmail.com
101,4O9gBUpVl,Renee Brooks,reneebrooks@gmail.com
102,Gk6driflG,Aaron Hernandez,aaronhernandez@hotmail.com
103,0be6BtqGr,Bradley Petersen,bradleypetersen@yahoo.com
104,lggAOmr9n,Margaret Werner,margaretwerner@outlook.com
105,yEQGtmvEW,Marvin Ramsey,marvinramsey@yahoo.com
106,N8EMcxhrQ,Wyatt Lin,wyattlin@yahoo.com
107,ucJyWCfkS,Lance Rich,lancerich@hotmail.com
108,hvenJKdEG,Alexander Patton,alexanderpatton@gmail.com
109,CKw2CuTv6,Lori Gutierrez,lorigutierrez@yahoo.com
110,t7N7RZCCW,Tamara Cole,tamaracole@hotmail.com
111,5OiCzXE3X,Michael Herman,michaelherman@hotmail.com
112,tEUoHE39Z,Diane Singleton,dianesingleton@outlook.com
113,I1iUFgChY,Kimberly Cox,kimberlycox@yahoo.com
114,Et4Q6wLzz,Kathleen Armstrong,kathleenarmstrong@hotmail.com
115,vSHHjd2nE,Jennifer Jones,jenniferjones@hotmail.com
116,zg5pwm4JO,Jeffrey Rogers,jeffreyrogers@outlook.com
117,UkEs1VZBZ,Jessica Robinson,jessicarobinson@gmail.com
118,7SFQ0CFyf,Katherine Stephens,katherinestephens@yahoo.com
119,sepqP0fxo,Bailey Sullivan,baileysullivan@yahoo.com
120,2JyVym60m,Laurie Kent,lauriekent@hotmail.com
121,MwMs1lvwU,Nicholas Chandler,nicholaschandler@hotmail.com
122,dWxVmWq3C,Matthew Patrick,matthewpatrick@yahoo.com
123,cZxz6UV6M,Andrea Torres,andreatorres@yahoo.com
124,O5GVuL5kT,David Melton,davidmelton@outlook.com
125,ANiNqDbNF,Teresa Bennett,teresabennett@hotmail.com
126,BkqTZaE8c,Wendy Cherry,wendycherry@outlook.com
127,ooOX7jC7S,Danielle Diaz,daniellediaz@hotmail.com
128,90cDhjKmb,Timothy Davis,timothydavis@yahoo.com
129,luBWKbUHU,Vickie Harding,vickieharding@hotmail.com
130,lhQjzhM2f,Dustin Mendoza,dustinmendoza@gmail.com
131,pgjQvFHpm,Chelsea Charles,chelseacharles@gmail.com
132,0H4Dhnh6C,Terry Guzman,terryguzman@gmail.com
133,Hkd4PB2oY,James Beard,jamesbeard@outlook.com
134,zIjYMnJDq,Susan Christensen,susanchristensen@hotmail.com
135,0OZxNcQni,Lori Townsend,loritownsend@hotmail.com
136,wbme3cIlr,Mike Cunningham,mikecunningham@yahoo.com
137,UvcvPWcDO,Nancy Harris,nancyharris@gmail.com
138,rbHxE8Jlu,Kenneth Roberts,kennethroberts@hotmail.com
139,cNIxryGK6,Mark Mason,markmason@gmail.com
140,wfkxcXWQm,Jennifer Daniels,jenniferdaniels@hotmail.com
141,eTyyCoucB,Jeffrey Harrison,jeffreyharrison@outlook.com
142,XJ6RnTwLw,Christine Marshall,christinemarshall@outlook.com
143,tMP8HtNMT,Pamela Johnson,pamelajohnson@gmail.com
144,yfQADQ50F,Chris Stone,chrisstone@outlook.com
145,jEHer4FP4,Lisa Wilson,lisawilson@hotmail.com
146,Seycapwbv,Michael Webb,michaelwebb@yahoo.com
147,L9yFGBoy2,Brandon Stein,brandonstein@hotmail.com
148,78PAvpH5s,Christina Davis,christinadavis@gmail.com
149,pMetTXq6c,Claire Bailey,clairebailey@hotmail.com
150,raKcE4D94,Elizabeth Guzman,elizabethguzman@hotmail.com
151,ny2qDcpoK,Christopher Ford,christopherford@hotmail.com
152,gVuFMwFPH,Wendy Huber,wendyhuber@gmail.com
153,nhPk7dUy8,Gregory Hughes,gregoryhughes@yahoo.com
154,pYFkgnUDe,Michael Lane,michaellane@hotmail.com
155,1ZTjeSRSr,James Gonzalez Jr.,jamesgonzalezjr.@hotmail.com
156,xQHezizwh,Tony Chavez,tonychavez@outlook.com
157,0Uhvf4T0S,Mary Robbins,maryrobbins@yahoo.com
158,0kO2mTO8X,Robin Gomez,robingomez@outlook.com
159,pTvDqJ7aH,Donna Porter,donnaporter@hotmail.com
160,RwbgWGzUp,Alexander Taylor,alexandertaylor@outlook.com
161,oii3Jdfek,Michael Davis,michaeldavis@outlook.com
162,xcUx2mLFt,Jason Jackson,jasonjackson@yahoo.com
163,yEFLWBrly,Mrs. Catherine Gordon MD,mrs.catherinegordonmd@gmail.com
164,pkn9aVFhF,Tony Gay,tonygay@outlook.com
165,vAdTiWNEQ,Michael Perry,michaelperry@outlook.com
166,xI6vAuHfB,Luis Cowan,luiscowan@yahoo.com
167,rjAf8vwbH,Angela Smith,angelasmith@yahoo.com
168,oddJQeuog,Joanna Dorsey,joannadorsey@yahoo.com
169,6rr53XwXw,David Sanford,davidsanford@outlook.com
170,jHd4DNx8i,Robert Kent,robertkent@gmail.com
171,kvMC8qe7M,Ryan Smith,ryansmith@outlook.com
172,5ky2QxG86,Cameron Boone,cameronboone@yahoo.com
173,TL6LQNTrb,John Lester,johnlester@outlook.com
174,ZMZicV2Cf,Shane Thomas,shanethomas@gmail.com
175,HEa022HqB,Marc Deleon,marcdeleon@hotmail.com
176,4TMHCDAiX,Rodney Lane,rodneylane@gmail.com
177,G6t1JYlKb,Madison Gonzalez,madisongonzalez@hotmail.com
178,DuQuGU4u9,Rebecca Dillon,rebeccadillon@hotmail.com
179,Zg7SUFMt9,Ryan Crane,ryancrane@outlook.com
180,2gWQThg96,Heather Ramos,heatherramos@yahoo.com
181,Ql3MYyq4H,Steven Gibbs,stevengibbs@yahoo.com
182,4u1uT7dSR,Chris Hogan,chrishogan@outlook.com
183,zxMfED40o,Edwin Page,edwinpage@outlook.com
184,E5rLGKiV9,Dr. Nathaniel White Jr.,dr.nathanielwhitejr.@hotmail.com
185,lRzBMG4GQ,Kenneth Andersen,kennethandersen@outlook.com
186,SNiwDL8tz,Zachary Stanley,zacharystanley@gmail.com
187,PRqTQiqNr,Robert Brown,robertbrown@gmail.com
188,Z92Cj3RmY,Janet Hampton,janethampton@yahoo.com
189,rudMcVvof,Jeffrey Pierce,jeffreypierce@hotmail.com
190,EJuU6qWhE,Clarence Carey,clarencecarey@gmail.com
191,LgHv30aIQ,Bonnie Sanders,bonniesanders@yahoo.com
192,GSgF7kHI1,Jordan Allen,jordanallen@yahoo.com
193,a6bqLNl2R,Amber Donovan,amberdonovan@hotmail.com
194,Gdjd1oAot,Terry Terry,terryterry@gmail.com
195,8bFa3DG0Y,Christine Wilson,christinewilson@gmail.com
196,j2KCJxRpW,James Hill,jameshill@gmail.com
197,8Y5Q3UWoD,Charles Anderson,charlesanderson@outlook.com
198,g7G8pgyAF,John Bennett,johnbennett@hotmail.com
199,APmEUbzAJ,Craig Wright,craigwright@outlook.com
200,dcWukzofg,Lindsey Haynes,lindseyhaynes@hotmail.com
201,hU1D7LHnV,Wanda Johnson,wandajohnson@hotmail.com
202,x9gYKcYHF,Danny King,dannyking@yahoo.com
203,RNhSDVwar,Elizabeth Williams,elizabethwilliams@hotmail.com
204,vuaHOwBmC,Paul Miller Jr.,paulmillerjr.@gmail.com
205,j0A22wli1,Rachel Reyes,rachelreyes@gmail.com
206,3y6NnZC6x,Patricia Mullins,patriciamullins@gmail.com
207,0S9LVkl5B,Anthony Perez,anthonyperez@gmail.com
208,lTGz2wYBE,Rachel Robertson,rachelrobertson@hotmail.com
209,7cncug6IP,Maria Wagner,mariawagner@hotmail.com
210,jYgIdWrQG,Jessica Floyd,jessicafloyd@outlook.com
211,LRmusQsWX,Steve Wilson,stevewilson@hotmail.com
212,oHr1jzvWp,Zachary Reyes,zacharyreyes@outlook.com
213,UTYo4MWrB,Laura Wheeler,laurawheeler@yahoo.com
214,guoGzLxBW,Elizabeth Miller,elizabethmiller@outlook.com
215,AfxoS9cPj,Michael Jackson,michaeljackson@gmail.com
216,D2v0H35pB,Jeremy Gray,jeremygray@outlook.com
217,9AvxpuAkU,Erin Murray,erinmurray@outlook.com
218,mvlxCepma,Ryan Hunter,ryanhunter@hotmail.com
219,cWgyFxPVJ,Justin Cabrera,justincabrera@yahoo.com
220,WBW0CBa8O,Charles Garcia,charlesgarcia@gmail.com
221,ZnxTVzdeF,Rachel Cruz,rachelcruz@yahoo.com
222,cAfdxyHwW,Tiffany Ellis,tiffanyellis@gmail.com
223,4MZQodhtl,Wesley Carr,wesleycarr@outlook.com
224,NS4i6vpKD,Daniel Hansen,danielhansen@outlook.com
225,oHBabB82O,Carla Bradford,carlabradford@hotmail.com
226,HLHiLLzXy,Debbie Fox,debbiefox@gmail.com
227,GYXUQMdHf,Tina White,tinawhite@hotmail.com
228,rc03waroE,Marilyn Andrade,marilynandrade@hotmail.com
229,m0hjfvwwE,Gina Bryant,ginabryant@yahoo.com
230,ha7KEckcj,Jesse Preston,jessepreston@hotmail.com
231,eJp5WUkNg,Daniel Norris,danielnorris@gmail.com
232,xGsyeWagE,Brenda Weber,brendaweber@yahoo.com
233,I4nAfVQCS,Travis Powell,travispowell@yahoo.com
234,62XTDD392,Adam Taylor,adamtaylor@gmail.com
235,DwCY2nMWg,Samuel Pearson,samuelpearson@outlook.com
236,WpXPKCsuy,Cheryl Berger,cherylberger@gmail.com
237,GzZV4Rxf8,Stephanie Nelson,stephanienelson@hotmail.com
238,u4Lkk1hl6,Dr. Courtney Walker,dr.courtneywalker@outlook.com
239,Pbs34smcQ,Aaron Mullins,aaronmullins@outlook.com
240,vjtWpvvtN,Michelle Gomez,michellegomez@outlook.com
241,tn7Tho5nN,Matthew Sellers,matthewsellers@hotmail.com
242,GH0GO7lPt,Kayla Thomas,kaylathomas@outlook.com
243,k4DgHttBd,Tina Simmons,tinasimmons@hotmail.com
244,VJAiuTvhJ,Cathy Wyatt,cathywyatt@outlook.com
245,NvJGC6Lmp,Jennifer Bass,jenniferbass@gmail.com
246,wGCLzLK9h,Jerry Johnson,jerryjohnson@hotmail.com
247,ngbN8USr5,Amanda Gonzalez,amandagonzalez@gmail.com
248,A7FyJJ4ru,Scott Hill,scotthill@yahoo.com
249,wbXzGKsf9,Jamie Rowland,jamierowland@yahoo.com
250,XTj459lPB,Patrick Mcguire,patrickmcguire@gmail.com
251,qbPY3icZT,Rebecca Thomas,rebeccathomas@hotmail.com
252,lmO4GtB7A,Gabriella Morgan,gabriellamorgan@gmail.com
253,HPBZ5HjHa,Robert Taylor,roberttaylor@hotmail.com
254,wbKlPMvLt,Dawn Lang,dawnlang@outlook.com
255,FEMKb4an0,Dr. Joshua Lyons,dr.joshualyons@gmail.com
256,fpgKbMXb9,Deborah Thompson MD,deborahthompsonmd@outlook.com
257,6oaQT2W8y,Amy Daniels,amydaniels@yahoo.com
258,7Drk5rifd,Lisa Oconnor,lisaoconnor@hotmail.com
259,cbrLlOpMJ,Joseph Scott,josephscott@gmail.com
260,v0FTMBKCa,Jeffrey Williams,jeffreywilliams@outlook.com
261,2RSnJ8FT6,Robin Burgess,robinburgess@outlook.com
262,K0nPOcooW,Wanda Brady,wandabrady@outlook.com
263,wk0GP2Wb9,Robert Smith,robertsmith@yahoo.com
264,ADZjWkwd8,Curtis Jackson,curtisjackson@gmail.com
265,HE8XtBbrx,Amy Smith,amysmith@yahoo.com
266,kK1bipNoZ,Sean Martinez,seanmartinez@outlook.com
267,7ocWCJSjN,Jordan Davis,jordandavis@gmail.com
268,ki5Ec8bzW,Lisa Hartman,lisahartman@hotmail.com
269,dgDCCfkJd,Carrie Burns,carrieburns@gmail.com
270,CnyVC1ZeZ,Jaime Flores,jaimeflores@outlook.com
271,BGLF5M1jH,Laurie Young,laurieyoung@gmail.com
272,GEqzmyRP1,Karl Walls,karlwalls@yahoo.com
273,YReRkyqJY,Terry Simmons,terrysimmons@outlook.com
274,Dip7wKZGZ,Aaron Schultz,aaronschultz@gmail.com
275,tCAM3p4DR,Juan Dean,juandean@yahoo.com
276,K6nqQd3xe,Elizabeth Harris,elizabethharris@hotmail.com
277,Kz0KkUscc,David Sanford,davidsanford@gmail.com
278,FFFVnfguR,Sara Cain,saracain@gmail.com
279,iv2IvLSe7,Joshua Clark,joshuaclark@gmail.com
280,ex2ndLZy8,Ashley Dodson,ashleydodson@gmail.com
281,1G4fzIIN2,Danielle Martinez,daniellemartinez@outlook.com
282,xRNZyDOUf,Julie Crane,juliecrane@yahoo.com
283,Hvwn3Zjd9,Darlene Singh DDS,darlenesinghdds@yahoo.com
284,8xOIMRYUW,Samuel Chapman,samuelchapman@hotmail.com
285,IcQMdF6if,Joshua Stephenson,joshuastephenson@hotmail.com
286,AbF2mUdIH,Joel Costa,joelcosta@outlook.com
287,T3jTzvD1q,Dawn May,dawnmay@gmail.com
288,dCdMEGe3J,Scott Ashley,scottashley@outlook.com
289,9aQMlKX0m,Ronnie Adkins,ronnieadkins@hotmail.com
290,DP3bz9VGk,Melanie Shaw,melanieshaw@gmail.com
291,otem7rQVH,Anthony Good,anthonygood@outlook.com
292,g4UIZfhWd,Jerry Jones,jerryjones@gmail.com
293,AUU5mMWCT,Nicholas Gonzalez,nicholasgonzalez@hotmail.com
294,CaV9CYjHA,Brianna Edwards,briannaedwards@outlook.com
295,tRYta7uyM,Terri Brown,terribrown@gmail.com
296,OseEH3tmf,Elizabeth Pruitt,elizabethpruitt@hotmail.com
297,vCBGrLSBn,Tyler Murphy,tylermurphy@hotmail.com
298,jw3JW67wl,Brandy Bryan,brandybryan@hotmail.com
299,nlCrqJKhc,Seth Suarez,sethsuarez@yahoo.com
300,ac6NsHZhr,Samantha Daniels,samanthadaniels@outlook.com
301,aAxliYsO8,Luke Mayo,lukemayo@gmail.com
302,785r6jw7c,Robert Thornton,robertthornton@gmail.com
303,oqYAfDxGt,Emily Sullivan,emilysullivan@outlook.com
304,K9VuVrGdt,Dana Gomez,danagomez@hotmail.com
305,17f6TsxQa,Justin Richardson MD,justinrichardsonmd@yahoo.com
306,hwPA0HL8r,Chad Chapman,chadchapman@outlook.com
307,7jDKZTKic,Duane Hernandez,duanehernandez@outlook.com
308,SwmIPB298,Kristin Krause,kristinkrause@yahoo.com
309,ZzP7AmoOk,Ryan Mejia,ryanmejia@gmail.com
310,GU2t1DzL6,Michael Nelson,michaelnelson@outlook.com
311,fqt5vd4tY,Brandon Jones,brandonjones@gmail.com
312,UmKAa5zzl,Cynthia Mcintosh,cynthiamcintosh@yahoo.com
313,KlNG07f0V,Jessica Meyer,jessicameyer@outlook.com
314,eTinfR4vM,Gina Fisher,ginafisher@gmail.com
315,EC0WbkhgW,Steven Sharp,stevensharp@outlook.com
316,Jq0ZplApU,Bradley Reed,bradleyreed@outlook.com
317,nlst9Sx1u,Brian Rodriguez,brianrodriguez@yahoo.com
318,zLdP4Zk29,Robert Robinson,robertrobinson@gmail.com
319,VRdbfJIAq,Jeffrey Nelson,jeffreynelson@hotmail.com
320,BqxfhDvhZ,Tracy Richardson,tracyrichardson@hotmail.com
321,ACWQfCe32,Anthony Duffy,anthonyduffy@hotmail.com
322,SpuPXQioU,Jennifer Gordon,jennifergordon@yahoo.com
323,9bRn8zABM,Kevin Webster,kevinwebster@gmail.com
324,H75CFsAUa,Miguel Smith,miguelsmith@outlook.com
325,U82cFslPo,Dillon Montes,dillonmontes@yahoo.com
326,dcfPe9POw,Amanda Weaver,amandaweaver@outlook.com
327,PVWaaxLPG,Anthony Wilson,anthonywilson@gmail.com
328,MmfJXhtMQ,Matthew Snow,matthewsnow@gmail.com
329,Ky2qAsqWN,Jessica Barnes,jessicabarnes@gmail.com
330,xe7QlLOzy,Lance Stewart,lancestewart@yahoo.com
331,g9NGRx08L,Jacob Vega,jacobvega@yahoo.com
332,Tzf8mvP1e,Paul Smith,paulsmith@gmail.com
333,oKH0y1CNL,Marie Stevens,mariestevens@outlook.com
334,91DNiqe6G,Timothy Moore,timothymoore@outlook.com
335,PCPWLXjCx,Brittney Russell,brittneyrussell@yahoo.com
336,uEjd1f2zz,Terrence Johnson,terrencejohnson@gmail.com
337,jwVcNHKdZ,Eric Rodriguez,ericrodriguez@gmail.com
338,CqfcnDuRI,Erin Jordan,erinjordan@hotmail.com
339,t8sWSBTBn,Christian Hernandez,christianhernandez@gmail.com
340,IMT7VFBUS,Thomas Sweeney,thomassweeney@outlook.com
341,FKOlF5r7m,Gregory Garcia,gregorygarcia@hotmail.com
342,JgyjgO0B9,Kelsey Fisher,kelseyfisher@yahoo.com
343,eo8doGwF0,Jennifer Brown,jenniferbrown@outlook.com
344,wXPVWbBqP,Jennifer Bell,jenniferbell@hotmail.com
345,eM7TKAUo7,Caleb Dixon,calebdixon@hotmail.com
346,FrTPeqSyC,Linda Smith,lindasmith@yahoo.com
347,wtLK1oX85,Robert Nelson,robertnelson@gmail.com
348,LxErPM9aD,Elizabeth Munoz,elizabethmunoz@outlook.com
349,3SoI7jGrY,Paul Barron,paulbarron@outlook.com
350,Kjsio6MIG,Brandi Johnson,brandijohnson@yahoo.com
351,yIfLwP2iM,Zachary Powell,zacharypowell@yahoo.com
352,mCuMtRjaA,Mrs. Cindy Gibson,mrs.cindygibson@outlook.com
353,gr1BLuFte,Linda Kirk,lindakirk@hotmail.com
354,qia8mPeca,Sarah Hebert,sarahhebert@yahoo.com
355,6Fnk7ZciH,Fernando Green,fernandogreen@yahoo.com
356,sFY6AOtkt,Matthew Kelly,matthewkelly@outlook.com
357,ky0BgLZQj,Brenda Jones,brendajones@gmail.com
358,hQSMX0icm,Derrick Ramirez,derrickramirez@outlook.com
359,FIU7koGKg,Lauren Conner,laurenconner@outlook.com
360,S0aFpNc9q,Ross Conway,rossconway@hotmail.com
361,TW0pLmWRN,Kelly Gray,kellygray@gmail.com
362,Z1QwbmnEh,Timothy Carpenter,timothycarpenter@outlook.com
363,psEB6Shcj,Bryan Harris,bryanharris@outlook.com
364,BG6qoLLMR,Melvin Miller,melvinmiller@yahoo.com
365,w946WRvRB,Justin Mullen,justinmullen@yahoo.com
366,wb7KtRtgF,Troy Navarro,troynavarro@gmail.com
367,S1WJJ8Qmy,Morgan Lewis,morganlewis@outlook.com
368,fFv11KmJI,Anna Walsh,annawalsh@hotmail.com
369,PMVyIhoQT,Ms. Joanna Ramos MD,ms.joannaramosmd@outlook.com
370,w4w6mjRPr,Katelyn Conrad,katelynconrad@gmail.com
371,eWOtcxuEf,Matthew Gomez,matthewgomez@hotmail.com
372,Nixq4PccW,Peter Reyes,peterreyes@gmail.com
373,AAysVAZSm,Sharon Ramos,sharonramos@yahoo.com
374,hRNZSt1Zy,Darlene Patton,darlenepatton@hotmail.com
375,kTW7N1thL,Donna Perry,donnaperry@gmail.com
376,CFTkDeSuS,Victor Stafford,victorstafford@yahoo.com
377,YwenVE2Us,Jessica Juarez,jessicajuarez@gmail.com
378,Bl7uxJGlI,Kathryn Montgomery,kathrynmontgomery@hotmail.com
379,5ChQuRmzr,Joseph Thomas,josephthomas@outlook.com
380,4z5O9OX4i,Christopher Harris,christopherharris@outlook.com
381,n5kn9HAi0,Johnathan Anderson,johnathananderson@gmail.com
382,3l8ohBBk4,Scott Moore,scottmoore@outlook.com
383,iuOwwqXTK,Connie Sanchez,conniesanchez@hotmail.com
384,dqwEjlWWX,Diana Norris,diananorris@hotmail.com
385,hviSKgviG,Kevin Taylor,kevintaylor@hotmail.com
386,IIwqIjkCm,Abigail Ryan,abigailryan@outlook.com
387,XW7gdptgD,Brian Hall,brianhall@outlook.com
388,E9jPmsFVC,Dr. Aaron Mann MD,dr.aaronmannmd@outlook.com
389,DsSkluYZr,Tammy Alvarez,tammyalvarez@outlook.com
390,NUcbEEJTL,Nathan Krause DVM,nathankrausedvm@outlook.com
391,lBq1RM9SF,Andrea Hopkins,andreahopkins@hotmail.com
392,os6eXYM61,Christian Rice,christianrice@outlook.com
393,iw8QkzPd6,Dana Copeland,danacopeland@outlook.com
394,CJh4yPI0u,Brandon Smith,brandonsmith@hotmail.com
395,xSCtNM2XC,Jacob Williams,jacobwilliams@yahoo.com
396,US5rY7j7m,Charlene Miller,charlenemiller@yahoo.com
397,hPTo3MDYd,Justin Ware,justinware@gmail.com
398,TvjVeUIYc,Taylor Cochran,taylorcochran@gmail.com
399,WKGS3YNV1,Lori Lawrence,lorilawrence@gmail.com
400,qe0S8hxkq,Amber Newman,ambernewman@outlook.com
401,WXFlx2ZkC,Allison Rowland,allisonrowland@hotmail.com
402,QgroyR5PU,Brenda Savage,brendasavage@gmail.com
403,d1ftCUhqD,Rhonda Holt,rhondaholt@gmail.com
404,R2O5UtpVR,Alan Robbins,alanrobbins@outlook.com
405,rg7eDLrP1,Jacqueline Mcgrath,jacquelinemcgrath@yahoo.com
406,B8SgOIaSi,Joshua Davis,joshuadavis@hotmail.com
407,He0KGgsRH,Tina Keller,tinakeller@outlook.com
408,Sgwb9Lrut,Cory Larson,corylarson@outlook.com
409,rGCM6VdUo,Barbara Willis,barbarawillis@gmail.com
410,ZMNZPKBJn,Jamie Noble,jamienoble@hotmail.com
411,a23JMwnCB,Eric Gomez,ericgomez@gmail.com
412,ITUYS8npg,Gwendolyn Chavez,gwendolynchavez@hotmail.com
413,lNVB9zW6C,Theresa Tucker,theresatucker@yahoo.com
414,egVmEXDt9,Jennifer Howard,jenniferhoward@yahoo.com
415,dEW7RWVsQ,Amy Brown,amybrown@hotmail.com
416,zJRGEadL4,Timothy Reyes,timothyreyes@hotmail.com
417,cd98xCu1R,Kathleen Melton,kathleenmelton@gmail.com
418,5km2u9MYF,Jordan Romero,jordanromero@hotmail.com
419,2T4UJdqUb,Christopher Clark,christopherclark@outlook.com
420,G3FRl46bP,Lisa Green,lisagreen@hotmail.com
421,khp2sCUW2,Kelly Anderson,kellyanderson@outlook.com
422,pMg61DigT,Tara Gallagher,taragallagher@yahoo.com
423,OU2FhYJSK,Angelica Curry,angelicacurry@hotmail.com
424,ivuoeyios,Leslie Simmons,lesliesimmons@gmail.com
425,2kWcYIvCM,Christopher Rodriguez,christopherrodriguez@yahoo.com
426,AkXgamv73,Amanda Calhoun,amandacalhoun@outlook.com
427,beseivrd3,Jerome Walker DVM,jeromewalkerdvm@gmail.com
428,33TFvH39T,Angela Mccormick,angelamccormick@yahoo.com
429,IDAiIPRZ6,Craig Murray DDS,craigmurraydds@hotmail.com
430,69cExV8L7,Ashley Pennington,ashleypennington@hotmail.com
431,4REXpv0Ck,Jennifer Myers,jennifermyers@gmail.com
432,emMAzfyDe,Janet Peterson,janetpeterson@gmail.com
433,sAtMLrxz2,Kimberly Reese,kimberlyreese@gmail.com
434,6MFx9Kuf0,Edward Lang,edwardlang@yahoo.com
435,IUAniol9G,John Freeman,johnfreeman@hotmail.com
436,IWaiHXgXj,Mark Drake,markdrake@gmail.com
437,RoF0vgMGn,Morgan Snyder,morgansnyder@yahoo.com
438,kuzyRncr7,Dr. Gary Gomez MD,dr.garygomezmd@hotmail.com
439,dEPKpBkex,Patricia Russo,patriciarusso@yahoo.com
440,PLJ2pm5AG,Connie Weaver,connieweaver@gmail.com
441,lc3D9UbkB,Carl Sanders,carlsanders@hotmail.com
442,pyEz8KaId,Mary Hopkins,maryhopkins@yahoo.com
443,2mE9aAewW,James Kidd,jameskidd@hotmail.com
444,kDQee0eOU,Renee Medina,reneemedina@hotmail.com
445,sIJB9CUJ1,Kenneth Petersen,kennethpetersen@hotmail.com
446,kxauCcMTV,Paul Miller DVM,paulmillerdvm@outlook.com
447,Y1yV12FlU,David Guerrero,davidguerrero@outlook.com
448,hXgmlLh97,Maureen Smith,maureensmith@outlook.com
449,UlF8dU6TV,Kari Carpenter,karicarpenter@gmail.com
450,FKR6lRUTT,Larry Robles,larryrobles@hotmail.com
451,gwqeeuZnf,Yolanda Whitaker,yolandawhitaker@outlook.com
452,kUTDFrTRi,Brendan Green,brendangreen@yahoo.com
453,d1dCyYLKf,Jordan Wilkinson,jordanwilkinson@hotmail.com
454,QXldmRYcT,Dale Lopez,dalelopez@gmail.com
455,umKDcKtkU,Kelly Rose,kellyrose@gmail.com
456,PDWJc7X1Z,Adriana Gibson,adrianagibson@hotmail.com
457,UbMGDS54n,Donna Kennedy,donnakennedy@gmail.com
458,EEaZOoqk4,Jill Chandler,jillchandler@outlook.com
459,4dGJqGFrY,Anthony Smith,anthonysmith@gmail.com
460,mDrz0KK5b,Jay Carrillo,jaycarrillo@hotmail.com
461,opa0EGB1m,William Robertson Jr.,williamrobertsonjr.@yahoo.com
462,VyTeLfPAK,Jasmine Long,jasminelong@outlook.com
463,Rbyj8hafV,Timothy Waters,timothywaters@outlook.com
464,xUiOC2wvN,Peter Williams,peterwilliams@gmail.com
465,i6MtFWley,Roberta Santiago,robertasantiago@yahoo.com
466,H9mS8nXW7,Jessica Black,jessicablack@yahoo.com
467,zWlDbVwis,Jennifer Bryant,jenniferbryant@yahoo.com
468,3uF3UGuAP,William Day,williamday@hotmail.com
469,DUVotfDW7,James Brown,jamesbrown@yahoo.com
470,ci8r1rkGU,Lisa Ward,lisaward@gmail.com
471,d0jdb5x4d,Leslie Strickland,lesliestrickland@gmail.com
472,V208PTF0d,Daniel Steele,danielsteele@outlook.com
473,D4zqtYZp6,April Hawkins,aprilhawkins@yahoo.com
474,UMl8Ldw7D,Diane Dean,dianedean@gmail.com
475,BPCa0Xr1E,Jason Baker,jasonbaker@outlook.com
476,Mm6BX9jGd,Denise Johnson,denisejohnson@hotmail.com
477,OzxrSON2C,Manuel Wallace,manuelwallace@gmail.com
478,oT2BYwvHw,Alison Fernandez,alisonfernandez@outlook.com
479,HgvDyrRtt,Justin Thomas,justinthomas@outlook.com
480,k8slWoGaL,Ashley Lamb,ashleylamb@outlook.com
481,rmLShNpnT,Alison Gillespie,alisongillespie@yahoo.com
482,kM033PUaC,Robert Mcdaniel,robertmcdaniel@gmail.com
483,YAvI37LwU,Katelyn Williams,katelynwilliams@hotmail.com
484,ZwYeXWVWF,Brian Vaughn,brianvaughn@gmail.com
485,zGMdm3SeP,Gregory Delgado,gregorydelgado@yahoo.com
486,JOc0VdaF1,Anthony Peterson,anthonypeterson@gmail.com
487,lZX02rHrV,Vickie Carter,vickiecarter@gmail.com
488,VHocc27mi,Matthew Williams,matthewwilliams@outlook.com
489,kQ3z8QPB1,Derek Phillips,derekphillips@outlook.com
490,iy2dxH2oC,Tiffany Mcknight,tiffanymcknight@gmail.com
491,zSPVzYb0F,Jessica Miller,jessicamiller@hotmail.com
492,HwBAVEv27,Timothy Brown,timothybrown@hotmail.com
493,w2qhrp1ii,Eric Yates,ericyates@outlook.com
494,xEFalY14b,Douglas Griffin,douglasgriffin@hotmail.com
495,PVFnB2Cjt,Kevin Roberts,kevinroberts@gmail.com
496,tHmMeoOzl,Rachel King,rachelking@yahoo.com
497,KXqCnxxac,William Walker,williamwalker@outlook.com
498,AbAjSevKT,Matthew Moses,matthewmoses@gmail.com
499,uhyYclx3w,Kurt Graham,kurtgraham@outlook.com
